uf;ano;administrador_rs_ha;agrotoxicos_rs_ha;armazenagem;assistencia_tecnica_rs_ha;custo_fixo;custo_operacional;custo_total;custo_variavel;despesas_administrativas_rs_ha;fertilizantes_rs_ha;seguro_producao_rs_ha;sementes_rs_ha;total_depreciacoes_e_rs_ha;total_despesas_custeio;total_despesas_financeiras_c_rs_ha;total_outras_despesas_b_rs_ha;total_outros_custos_fixos_f_rs_ha;total_renda_fatores;transporte_externo_rs_ha;tratores_colheitadeiras_rs_ha
BA;2006;;212,25;11,6;13,8;80,57;902,67;1043,25;822,1;;267,0;26,91;40,5;48,08;690,01;56,74;75,35;32,49;140,58;23,04;
BA;2007;;203,53;11,6;14,94;92,37;967,83;1115,8;875,46;;306,63;29,13;52,2;55,8;745,83;50,92;78,71;36,57;147,97;23,04;
BA;2008;;190,96;14,06;17,86;106,51;1179,41;1335,38;1072,9;;438,74;34,84;78,75;64,52;893,24;81,22;98,44;41,99;155,97;31,68;
BA;2009;;181,44;16,67;16,31;107,27;1068,58;1223,9;961,31;;391,72;31,81;58,5;63,78;815,6;49,24;96,47;43,49;155,32;31,68;
BA;2010;;157,9;17,51;14,57;103,74;972,05;1127,76;868,31;;337,4;28,41;58,5;64,47;728,4;47,74;92,17;39,27;155,71;31,68;
BA;2011;27,24;149,65;79,52;15,44;250,13;1219,29;1630,41;969,16;38,61;387,59;30,12;54,0;213,01;772,19;33,28;163,69;37,12;411,12;0,0;148,31
BA;2012;31,12;139,4;81,51;17,13;272,67;1450,86;1944,97;1178,19;42,81;429,86;33,4;94,5;228,54;856,29;33,57;288,33;44,13;494,11;53,57;156,01
BA;2013;;437,84;;25,83;140,1225;1675,771754105056;2143,551754105056;1535,649254105056;34,82;617,26;;112,0;132,64;1291,59;30,42925410505604;213,63;7,4825;467,78;60,0;
BA;2014;12,24;476,24;85,9;26,88;219,63;1893,24;2494,68;1673,61;40,33;577,86;0,0;165,55;201,91;1344,17;46,32;283,12;17,72;601,44;60,0;106,27
BA;2015;12,24;510,06;69,31;26,32;222,24;1875,37;2641,0;1653,13;39,49;539,2;0,0;130,55;203,33;1316,18;59,89;277,06;18,91;765,63;60,0;118,12
BA;2016;13,16;531,31;68,15;28,2;231,48;1977,32;2811,77;1745,84;42,29;612,7;0,0;122,5;211,88;1409,81;64,37;271,66;19,6;834,45;60,0;123,78
BA;2017;12,24;545,4;67,82;27,49;236,03;1943,39;2844,72;1707,36;41,23;520,52;0,0;162,05;216,55;1374,32;66,01;267,03;19,48;901,33;60,0;123,19
BA;2018;24,52;551,71;86,28;29,51;263,1;2081,87;3141,53;1818,77;44,26;567,88;0,0;175,0;237,98;1475,48;66,25;277,04;25,12;1059,66;69,0;145,45
BA;2019;24,52;576,01;86,61;31,68;261,25;2192,63;2995,55;1931,38;47,52;648,98;0,0;175,0;236,77;1584,08;62,84;284,46;24,48;802,92;69,0;148,65
BA;2020;19,6;879,75;107,73;42,32;559,75;3109,06;3806,89;2549,31;63,49;781,24;0,0;223,82;377,82;2116,21;61,1;372,0;181,93;697,83;87,54;206,81
BA;2021;19,6;1052,14;121,13;49,16;731,96;3708,14;3900,57;2976,18;73,74;904,85;0,0;257,95;403,24;2458,01;48,72;469,45;328,72;192,43;87,54;217,48
BA;2022;20,56;1923,3;125,72;102,21;963,37;6921,56;7819,540000000001;5958,190000000001;153,32;2350,0;0,0;481,84;575,89;5110,59;191,31;656,29;387,48;897,98;114,18;328,6
BA;2023;14,0;1868,6;120,1;96,76;1001,54;6744,67;9481,130000000001;5743,13;145,14;1858,9;0,0;782,25;672,4100000000001;4838,12;258,01;647,0;329,13;2736,46;152,24;307,89
BA;2024;23,8;1254,04;143,38;75,71;999,86;5615,98;7952,42;4616,12;113,56;1216,32;0,0;948,5;746,0600000000001;3785,38;196,57;634,1700000000001;253,8;2336,44;205,52;334,74
GO;1997;;100,44;;5,8;76,36;410,02;465,85;333,66;;91,0;11,31;35,0;55,68;290,01;11,98;31,67;20,68;55,83;14,56;
GO;1998;;104,21;;7,05;75,53;478,97;563,16;403,44;;100,74;13,75;30,25;55,19;352,58;13,26;37,6;20,34;84,19;16,8;
GO;1999;;157,14;;9,36;75,97;607,55;691,74;531,58;;151,97;18,26;30,25;55,42;468,14;19,02;44,42;20,55;84,19;16,8;
GO;2000;;155,59;;9,92;92,7;653,61;744,84;560,91;;171,43;19,35;30,25;68,06;496,14;18,7;46,07;24,64;91,23;16,8;
GO;2001;;146,24;;10,02;102,45;668,19;749,86;565,74;;144,75;19,53;35,2;75,08;500,8;15,14;49,8;27,37;81,67;20,25;
GO;2002;;162,57;;11,32;112,97;752,38;845,3420600000001;639,41;;167,82;22,08;45,65;82,71;566,16;17,57;55,68;30,26;92,96206;22,28;
GO;2003;;186,33;;16,0;141,72;1052,22;1171,460884;910,5;;250,03;31,21;89,98;103,77;800,18;29,3;81,02;37,95;119,240884;33,81;
GO;2004;;218,03;;17,39;164,88;1147,89;1282,040884;983,01;;273,68;33,92;104,19;125,91;869,74;28,15;85,12;38,97;134,150884;33,81;
GO;2005;;240,95;;20,35;208,26;1356,86;1611,81;1148,6;;283,93;39,68;132,55;165,52;1017,55;31,84;99,21;42,74;254,95;39,18;
GO;2006;;282,62;35,85;18,68;203,64;1291,14;1456,9;1087,5;;211,53;36,43;56,1;155,38;934,1;24,19;129,21;48,26;165,76;38,25;
GO;2007;;219,53;;14,72;139,06024;975,7036310375016;1305,123631037502;836,6433910375016;;328,0;28,7;76,7;95,77;735,89;28,74339103750159;72,01;43,29024;329,42;12,67;
GO;2008;;201,15;;16,44;143,80264;1200,870450590108;1416,090450590108;1057,067810590108;;406,2;32,06;97,5;103,99;822,14;30,65781059010753;204,27;39,81264;215,22;50,38;
GO;2009;;239,57;;17,89;153,38434;1316,659766238586;1533,159766238586;1163,275426238586;;427,08;34,89;99,45;109,95;894,59;30,93542623858625;237,75;43,43434;216,5;65,42;
GO;2010;;;;;171,67;1207,02;1485,86;1035,35;;;;;123,66;753,84;23,7;257,81;48,01;278,84;;
GO;2011;;;;;148,19;1188,71;1595,97;1040,52;;;;;114,25;801,6;30,23;208,69;33,94;407,26;;
GO;2012;;;;;153,33;1330,99;1813,67;1177,66;;;;;118,16;799,28;28,27;350,11;35,17;482,68;;
GO;2013;;;;;120,88;1335,28;1741,93;1214,4;;;;;111,75;841,0;23,15;350,25;9,13;406,65;;
GO;2014;22,8;377,98;94,17;23,32;129,3;1650,98;1883,03;1521,68;34,98;485,8;0,0;210,0;100,71;1166,08;29,13;326,47;28,59;232,05;99,49;64,1
GO;2015;26,68;483,41;74,68;28,13;141,58;1932,62;2264,07;1791,04;42,19;535,65;0,0;266,0;107,8;1406,34;46,0;338,7;33,78;331,45;115,5;88,1
GO;2016;27,08;485,06;74,08;28,92;148,64;1980,53;2338,13;1831,89;43,38;559,45;0,0;276,5;113,81;1445,9;47,22;338,77;34,83;357,6;118,8;91,31
GO;2017;27,64;491,37;74,15;28,79;148,38;1982,75;2367,74;1834,37;43,19;556,14;0,0;266,0;113,04;1439,74;49,66;344,97;35,34;384,99;124,74;92,16
GO;2018;27,52;503,68;94,93;32,95;149,29;2201,7;2600,97;2052,41;49,43;678,57;0,0;336,0;114,32;1647,71;52,7;352,0;34,97;399,27;121,77;95,44
GO;2019;34,24;587,6;;37,91;196,32;2461,97;2842,73;2265,65;56,87;738,78;0,0;434,0;158,59;1895,6;56,03;314,02;37,73;380,76;158,04;100,98
GO;2020;37,52;607,23;;41,87;210,03;2704,93;3118,21;2494,9;62,81;792,93;0,0;553,0;170,48;2093,63;56,4;344,87;39,55;413,28;169,2;102,95
GO;2021;40,76;616,45;;43,56;273,51;2977,39;3099,82;2703,88;65,34;838,6;0,0;560,0;227,4;2178,06;40,42;485,4;46,11;122,43;234,0;122,25
GO;2022;40,76;963,48;;81,87;316,92;5116,54;5516,08;4799,62;122,81;2081,2;0,0;840,0;266,85;4093,73;141,21;564,6800000000001;50,07;399,54;198,0;168,29
GO;2023;16,92;1238,38;;72,39;1126,96;5511,43;6492,1;4384,47;108,58;1337,85;0,0;840,0;390,2;3619,31;175,9;589,26;736,76;980,67;175,5;186,16
GO;2024;17,32;905,7;;58,95;919,3599999999999;4499,4;5311,2;3580,04;88,43;1002,87;0,0;840,0;356,89;2947,51;130,83;501,7;562,4699999999999;811,8;175,5;181,62
MA;2006;;297,1;32,4;16,01;197,7022645833333;1157,157785883142;1270,567785883142;959,4555212998081;;279,72;31,22;63,0;117,69;800,4;38,92552129980798;120,13;80,01226458333335;113,41;40,5;
MA;2007;;237,81;32,4;17,2;184,0153816666667;1203,807906167953;1312,477906167953;1019,792524501287;;394,5;33,54;67,5;105,82;860,03;36,12252450128666;123,64;78,19538166666666;108,67;40,5;
MA;2008;;224,57;32,4;28,37;202,1254920833333;1841,821958792268;1954,581958792268;1639,696466708935;;908,92;55,32;105,0;115,81;1418,52;64,586466708935;156,59;86,31549208333334;112,76;40,5;
MA;2009;;216,95;41,95;22,55;223,1364291666667;1551,136666765664;1664,596666765664;1328,000237598998;;628,94;43,96;95,0;117,46;1127,28;51,76023759899743;148,96;105,6764291666667;113,46;40,5;
MA;2010;27,0;143,64;75,6;16,56;195,88;1262,63;1396,21;1066,75;41,39;441,82;32,29;80,0;129,92;827,87;30,51;208,37;65,96;133,58;2,48;127,84
MA;2011;32,72;115,56;76,56;17,32;163,53;1238,64;1448,72;1075,11;43,3;493,6;33,77;85,0;118,52;866,02;35,53;173,56;45,01;210,08;2,61;130,24
MA;2012;37,32;138,25;76,97;17,94;163,56;1305,56;1552,81;1142,0;26,91;493,6;34,99;85,0;118,52;897,13;34,86;210,01;45,04;247,25;2,61;134,06
MA;2013;;307,0;;17,05;480,76;1836,872208784781;2027,072208784781;1356,112208784781;33,11;553,5;;108,0;458,37;1136,62;44,17220878478103;175,32;22,39;190,2;46,8;
MA;2014;3,76;325,99;89,01;18,05;453,74;1925,58;2134,16;1471,84;36,09;591,69;0,0;135,0;442,14;1203,09;52,32;216,43;11,6;208,58;2,96;145,25
MA;2015;13,12;351,07;71,7;23,93;550,05;2601,26;2929,14;2051,21;47,86;709,46;0,0;337,5;530,05;1595,28;74,12;381,81;20,0;327,88;156,0;181,74
MA;2016;13,12;388,9;70,99;22,43;522,72;2381,15;2706,41;1858,43;44,87;726,75;0,0;189,0;504,9;1495,58;69,64;293,21;17,82;325,26;78,0;175,42
MA;2017;13,12;425,62;70,94;22,17;521,01;2366,13;2725,83;1845,12;44,33;632,99;0,0;204,75;502,34;1477,83;69,08;298,21;18,67;359,7;84,24;198,76
MA;2018;13,12;415,37;90,55;22,44;536,88;2391,28;2717,7;1854,4;44,88;617,75;0,0;225,0;518,0;1496,14;68,38;289,88;18,88;326,42;78,0;222,51
MA;2019;15,0;469,74;89,95;26,2;743,73;2895,77;3066,52;2152,04;52,4;797,31;0,0;244,8;718,5;1746,65;79,75;325,64;25,23;170,75;106,08;217,41
MA;2020;18,76;744,9;92,7;29,89;797,87;3226,5;3483,01;2428,63;59,78;521,2;0,0;393,75;584,44;1992,56;61,68;374,39;213,43;256,51;127,28;311,56
MA;2021;18,76;1021,57;104,12;40,06;1093,61;4326,18;4471,14;3232,57;80,13;730,24;0,0;540,0;719,94;2670,98;56,33;505,26;373,67;144,96;159,1;358,02
MA;2022;22,72;1525,53;107,95;72,06;1527,65;7128,919999999999;7591,969999999999;5601,27;144,11;1942,35;0,0;787,5;1092,32;4803,789999999999;205,1;592,3800000000001;435,33;463,05;127,28;520,9
MA;2023;23,24;1640,09;102,74;69,06;1501,22;7001,000000000001;7995,400000000001;5499,780000000001;138,13;1487,34;0,0;907,2;1129,55;4604,280000000001;273,02;622,48;371,67;994,4;197,6;541,22
MA;2024;30,0;790,06;121,7;38,41;1291,15;4486,040000000001;5357,630000000001;3194,89;76,83;744,9;0,0;495,0;1014,02;2560,87;142,88;491,14;277,13;871,59;175,01;497,32
MG;2005;;360,81;28,11;19,83;242,83;1403,4;1785,34;1160,57;;314,22;66,42;101,25;185,04;991,41;25,1;144,06;57,79;381,94;29,7;
MG;2006;;263,64;28,11;15,66;220,34;1159,74;1529,9;939,4;;248,42;52,45;54,0;170,27;782,86;19,82;136,72;50,07;370,16;40,5;
MG;2007;;179,35;28,11;15,95;227,36;1186,54;1559,95;959,18;;328,6;53,43;50,85;178,95;797,47;21,02;140,69;48,41;373,41;43,2;
MG;2008;;198,3;28,11;22,91;232,38;1582,98;1954,1;1350,6;;619,88;76,74;82,69;180,84;1145,38;31,56;173,66;51,54;371,12;45,9;
MG;2009;;172,83;35,83;19,37;253,33;1425,37;1809,05;1172,04;;439,81;64,87;85,5;198,59;968,27;40,5;163,27;54,74;383,68;43,2;
MG;2010;;;;;298,11;1347,83;1696,48;1049,72;;;;;208,21;848,65;26,26;174,81;89,9;348,65;;
MG;2011;;;;;292,86;1442,63;1916,54;1149,77;;;;;216,09;940,21;29,77;179,79;76,77;473,91;;
MG;2012;;;;;322,75;1540,01;2100,19;1217,26;;;;;238,15;938,8;29,86;248,6;84,6;560,18;;
MG;2013;;;;;279,13;1569,92;2053,47;1290,79;;;;;248,98;1012,04;26,02;252,73;30,15;483,55;;
MG;2014;13,68;414,86;89,75;29,86;250,97;2145,56;2436,02;1894,59;44,79;585,19;0,0;292,3;233,15;1492,88;38,22;363,49;17,82;290,46;53,04;186,39
MG;2015;15,0;518,03;72,21;32,4;259,93;2319,16;2664,18;2059,23;48,6;677,58;0,0;190,15;241,87;1620,11;57,7;381,42;18,06;345,02;62,4;218,89
MG;2016;16,28;560,29;70,09;33,45;260,92;2343,25;2711,33;2082,33;50,17;664,68;0,0;206,5;242,28;1672,46;59,15;350,72;18,64;368,08;62,4;224,25
MG;2017;16,28;565,65;70,15;34,03;343,84;2462,62;2924,97;2118,78;51,05;672,18;0,0;206,5;319,63;1701,74;63,96;353,08;24,21;462,35;62,4;240,66
MG;2018;16,28;646,81;89,88;35,87;365,1;2512,48;3002,13;2147,38;53,81;659,49;0,0;206,5;339,96;1793,63;61,14;292,61;25,14;489,65;62,4;264,07
MG;2019;16,24;623,17;90,64;39,83;371,58;2728,1;3104,81;2356,52;59,74;727,58;0,0;347,6;345,69;1991,31;58,14;307,07;25,89;376,71;62,4;276,24
MG;2020;21,0;582,08;92,69;41,32;366,51;2821,04;3199,01;2454,53;61,98;760,58;0,0;413,0;337,84;2065,89;59,32;329,32;28,67;377,97;68,64;288,69
MG;2021;49,0;826,4;110,94;53,62;753,1899999999999;4014,12;4116,39;3260,93;80,42;830,21;67,02;620,5;439,56;2680,82;61,13;518,98;313,6299999999999;102,27;74,05;354,71
MG;2022;49,0;1238,75;115,14;91,48;1055,2;6553,779999999999;6880,929999999998;5498,579999999999;137,22;2164,39;114,35;620,5;691,3199999999999;4574,129999999999;194,5;729,9499999999998;363,88;327,15;117,81;501,49
MG;2023;49,0;1285,49;108,64;69,48;980,9299999999998;5271,559999999999;5935,99;4290,63;104,22;1059,33;86,85;620,5;676,6199999999999;3473,98;208,19;608,4599999999999;304,31;664,4300000000001;117,81;459,66
MG;2024;50,16;892,23;129,53;71,26;1022,36;5428,280000000001;6100,360000000001;4405,920000000001;106,89;1397,55;89,07;747,5;772,9200000000001;3562,93;206,97;636,02;249,44;672,0799999999999;151,47;475,49
MS;1997;;77,95;;5,5;59,52;379,52;423,62;320,0;;114,16;10,73;25,0;48,06;275,14;19,03;25,83;11,46;44,1;9,6;
MS;1998;;95,71;0,0;6,3;67,96;441,43;501,26;373,47;;124,57;12,28;29,0;55,42;314,96;26,16;32,35;12,54;59,83;13,77;
MS;1999;;123,78;10,8;7,61;70,89;577,07;621,17;506,18;;166,34;14,84;27,0;58,79;380,45;63,68;62,05;12,1;44,1;28,8;
MS;2000;;131,84;10,8;7,44;79,0;538,63;584,25;459,63;;127,59;14,51;44,58;64,64;372,11;25,97;61,55;14,36;45,62;28,8;
MS;2001;;123,52;8,93;7,94;84,17;550,3;606,9;466,13;;167,38;15,49;24,5;67,92;397,14;20,43;48,56;16,25;56,6;16,2;
MS;2002;;137,64;9,12;9,14;95,9;630,5;702,09;534,6;;194,87;17,83;30,45;77,64;457,2;23,49;53,91;18,26;71,59;17,82;
MS;2003;;182,9;12,49;13,12;121,78;890,06;983,51;768,28;;286,84;25,58;60,02;99,16;655,95;34,11;78,22;22,62;93,45;27,03;
MS;2004;;209,98;12,49;14,01;145,41;963,84;1066,87;818,43;;286,84;27,32;77,5;122,11;700,51;37,07;80,85;23,3;103,03;27,03;
MS;2005;;263,25;12,49;16,63;162,2;1143,31;1258,03;981,11;;321,19;32,42;117,5;137,42;831,41;50,96;98,74;24,78;114,72;37,2;
MS;2006;;189,12;12,49;12,84;149,69;900,11;1008,82;750,42;;241,34;25,03;65,0;124,25;641,85;29,67;78,9;25,44;108,71;28,54;
MS;2007;;507,0;;18,8;128,407;1190,902922538884;1511,562922538884;1062,495922538884;;243,73;36,65;66,0;93,42;939,77;36,35592253888395;86,37;34,987;320,66;15,0;
MS;2008;;503,48;;21,98;122,964754;1358,688064383678;1571,248064383678;1235,723310383678;;394,0;42,87;78,0;88,42;1099,17;38,70331038367817;97,85;34,544754;212,56;15,0;
MS;2009;;481,24;;22,35;147,3426666666667;1403,948698138492;1620,698698138492;1256,606031471825;;389,43;43,59;123,0;118,4;1117,64;37,50603147182493;101,46;28,94266666666667;216,75;13,0;
MS;2010;;;;;234,24;1255,04;1528,03;1020,8;;;;;174,97;796,03;24,6;200,17;59,27;272,99;;
MS;2011;;;;;240,45;1358,97;1795,66;1118,52;;;;;187,62;908,78;33,4;176,34;52,83;436,69;;
MS;2012;;;;;253,2;1461,89;1975,08;1208,69;;;;;199,68;936,67;31,59;240,43;53,52;513,19;;
MS;2013;;;;;232,29;1421,71;1865,75;1189,42;;;;;215,17;930,66;24,68;234,08;17,12;444,04;;
MS;2014;3,52;427,96;88,53;27,0;302,65;1966,17;2604,35;1663,52;40,5;624,75;0,0;192,5;270,43;1350,16;40,35;273,01;32,22;638,18;46,5;97,68
MS;2015;5,64;680,22;70,99;38,21;347,0;2613,63;3287,17;2266,63;57,32;842,57;0,0;266,0;311,88;1910,72;59,9;296,01;35,12;673,54;49,6;111,89
MS;2016;5,64;601,34;69,22;36,45;342,14;2495,62;3214,28;2153,48;54,68;839,8;0,0;248,5;306,77;1822,69;57,61;273,18;35,37;718,66;46,5;123,01
MS;2017;6,6;591,35;69,22;34,09;336,24;2356,45;3045,18;2020,21;51,14;719,27;0,0;266,0;298,89;1704,64;54,53;261,04;37,35;688,73;40,3;116,57
MS;2018;6,88;599,15;89,38;33,33;352,62;2338,57;2965,53;1985,95;50,0;671,45;0,0;245,0;314,37;1666,65;52,5;266,8;38,25;626,96;43,4;139,12
MS;2019;49,0;694,7;0,0;40,74;529,3;3180,79;3740,07;2651,49;61,1;680,4;142,58;357,0;482,44;2138,98;96,39;416,12;46,86;559,28;105,3;226,61
MS;2020;41,28;683,16;0,0;40,45;538,14;3202,26;3836,0;2664,12;60,68;669,02;141,58;357,0;495,1;2142,74;87,47;433,91;43,04;633,74;113,1;240,1
MS;2021;54,4;654,7;0,0;44,87;508,05;3387,33;3561,070000000001;2879,28;67,31;689,6;157,05;336,0;458,24;2243,6;77,36;558,32;49,81;173,74;140,4;242,3
MS;2022;67,2;1580,3;0,0;103,66;935,56;7429,66;8514,3;6494,1;155,49;2080,0;362,82;714,0;866,01;5183,08;313,33;997,69;69,55;1084,64;195,0;419,88
MS;2023;41,68;1588,24;113,64;53,9;1366,8;6192,720000000001;8016,310000000001;4825,920000000001;107,8;1199,45;359,34;550,7;963,76;3593,38;233,56;998,98;403,04;1823,59;159,75;213,31
MS;2024;49,04;937,76;136,88;42,12;1183,67;5006,65;6876,129999999999;3822,98;84,24;1117,3;280,79;490,2;869,21;2807,85;172,81;842,32;314,46;1869,48;124,25;213,55
MT;2007;;261,72;;17,174999999999997;167,61443456910166;1278,4661504154096;1482,2411504154095;1110,8517158463073;;368,115;33,489999999999995;60,7;115,565;858,735;49,12671584630748;202,99;52,04943456910166;203,775;40,5;
MT;2008;;300,29;;23,814999999999998;178,32056263686832;1702,714833866894;1908,739833866894;1524,3942712300259;;636,4300000000001;46,435;74,95;122,275;1190,67;63,4842712300256;270,24;56,04556263686833;206,025;40,5;
MT;2009;;351,95;;22,15;193,68616747781;1637,5456439989055;1846,6456439989051;1443,859476521095;;467,05499999999995;43,195;90,2;131,68;1107,525;60,03947652109527;276,295;62,006167477809996;209,1;40,5;
MT;2010;;265,94;;18,884999999999998;197,82768664403946;1428,666742855201;1638,406742855201;1230,8390562111615;;376,34000000000003;36,825;101,5;131,945;944,1800000000001;44,91405621116148;241,745;65,88268664403945;209,74;33,9;
MT;2011;;;;;151,255;1351,005;1749,8049999999998;1199,75;;;;;121,52000000000001;926,46;47,845;225,445;29,735;398,79999999999995;;
MT;2012;;;;;157,065;1587,125;2060,9900000000002;1430,06;;;;;126,88;1090,71;49,29;290,06;30,185000000000002;473,865;;
MT;2013;;;;;139,99;1490,99;1895,2649999999999;1351,0;;;;;125,59;1025,74;37,835;287,425;14,4;404,275;;
MT;2014;10,7;679,28;90,05000000000001;34,655;148,965;2252,74;2412,115;2103,775;51,980000000000004;782,135;0,0;159,71;136,89;1732,57;55,715;315,49;12,075;159,375;71,7;99,65
MT;2015;11,14;885,3199999999999;71,24000000000001;42,82;175,985;2733,23;2952,98;2557,245;64,225;940,415;0,0;178,635;162,39999999999998;2140,96;73,49000000000001;342,79499999999996;13,585;219,75;94,08;124,28
MT;2016;11,34;835,6600000000001;71,035;39,15;196,54;2555,8500000000004;2810,7349999999997;2359,31;58,724999999999994;790,9549999999999;0,0;184,1;181,765;1957,48;66,82;335,01;14,774999999999999;254,885;97,19999999999999;134,255
MT;2017;11,86;777,3199999999999;70,98;37,215;215,41500000000002;2474,67;2766,4449999999997;2259,255;55,82;740,165;0,0;191,495;198,85;1860,805;64,9;333,55;16,565;291,775;101,1;138,745
MT;2018;11,64;737,44;91,38;36,74;224,78500000000003;2456,25;2723,205;2231,465;55,11;749,0;0,0;196,39;208,07999999999998;1836,905;59,735;334,82500000000005;16,705;266,955;101,1;141,215
MT;2019;12,14;856,51;91,565;43,16;245,055;2836,875;3044,1949999999997;2591,8199999999997;64,735;924,78;0,0;213,94;227,67000000000002;2157,86;71,785;362,175;17,384999999999998;207,32;111,30000000000001;149,27
MT;2020;12,14;939,58;94,21000000000001;45,335;246,87;2945,48;3174,88;2698,6099999999997;68,005;950,275;0,0;213,94;229,39;2266,92;48,2;383,49;17,48;229,4;111,30000000000001;149,765
MT;2021;15,02;1113,48;106,425;53,095;612,22;3850,065;3906,3900000000003;3237,8450000000003;83,095;1183,725;0,0;300,625;301,575;2769,81;27,95;440,08500000000004;310,645;56,325;71,755;156,125
MT;2022;22,380000000000003;1600,065;56,255;56,485;995,4549999999999;6925,015;7479,4;5929,5599999999995;152,885;2611,7250000000004;52,47;574,15;505,515;5096,125;226,07999999999998;607,355;489,94;554,385;134,15;287,805
MT;2023;22,380000000000003;1687,245;53,135;47,89;914,12;6392,84;7534,545;5478,72;138,155;2000,115;47,99;619,45;516,4300000000001;4605,17;275,095;598,455;397,69;1141,705;189,805;275,98
MT;2024;22,380000000000003;1571,5;63,635;37,64;831,8;5415,035;6455,8150000000005;4583,234999999999;115,38499999999999;1369,025;39,955;619,45;521,9549999999999;3846,245;202,74;534,25;309,845;1040,78;187,39;263,89
PI;2019;7,8;470,37;78,35;20,26;706,52;2292,38;2719,47;1585,86;40,51;307,8;0,0;382,5;683,92;1350,35;49,68;185,83;22,6;427,09;0,0;147,68
PI;2020;7,8;597,51;80,42;25,03;484,35;2401,94;2839,25;1917,59;50,07;470,86;0,0;382,5;460,31;1668,96;36,07;212,56;24,04;437,31;0,0;176,09
PI;2021;7,8;702,58;90,9;28,93;484,9;2725,85;2845,89;2240,95;57,87;606,57;0,0;365,85;460,64;1928,92;24,89;287,14;24,26;120,04;0,0;209,22
PI;2022;10,2;862,96;93,24;46,04;824,6300000000001;4363,13;4800,28;3538,5;92,07;1355,34;0,0;472,5;785,6700000000001;3069,13;116,88;352,49;38,96;437,15;0,0;305,85
PI;2023;15,64;1069,24;89,03;51,79;1121,16;5090,52;6153,450000000001;3969,36;103,57;1402,0;0,0;585,0;1067,55;3452,42;172,47;344,47;53,61;1062,93;0,0;312,14
PI;2024;7,68;850,86;129,93;40,39;751,5200000000001;3954,65;4686,4;3203,13;80,78;1064,5;48,47;418,5;665,19;2692,62;121,13;389,38;86,33;731,75;0,0;264,86
PR;2007;;196,515;;14,745000000000001;196,82614285714283;1110,3215302935696;1383,4065302935694;913,4953874364269;;213,03;21,384999999999998;63,5;144,78;737,395;41,885387436426875;134,215;52,04614285714286;273,08500000000004;43,285;
PR;2008;;212,905;;17,845;194,19014285714286;1308,688141709672;1581,4681417096722;1114,4979988525297;;283,28499999999997;25,875;87,0;140,64;892,235;49,412998852529086;172,85;53,55014285714286;272,78;56,074999999999996;
PR;2009;;224,57999999999998;;18,02;216,1951836741943;1385,0016854384326;1666,1566854384325;1168,806501764238;46,65;250,93;23,85;89,75;158,95499999999998;900,985;36,081501764237764;231,74;57,24018367419428;281,155;57,905;
PR;2010;;;;;216,545;1222,51;1536,43;1005,965;;;;;155,07999999999998;749,235;28,950000000000003;227,78;61,465;313,96000000000004;;
PR;2011;;;;;207,51;1195,855;1543,2600000000002;988,345;;;;;163,29;760,085;40,39;170,5;44,2;347,405;;
PR;2012;;;;;210,34;1373,0149999999999;1722,275;1162,675;;;;;169,23;868,465;41,72;236,67;46,96;349,26;;
PR;2013;;;;;250,64499999999998;1542,885;1782,105;1292,24;;;;;193,08499999999998;988,14;32,065;272,03499999999997;57,56;239,22;;
PR;2014;135,6;201,16500000000002;84,625;20,54;264,05;1611,37;1865,29;1347,3200000000002;17,665;250,135;35,675;169,75;203,445;1027,065;32,71;287,54499999999996;60,605000000000004;253,92;59,0;133,875
PR;2015;111,4;522,87;41,325;0,0;364,28999999999996;2097,435;2723,485;1733,145;44,41;303,475;0,0;212,75;268,45000000000005;1480,31;48,15;204,685;95,84;626,05;33,0;235,95999999999998
PR;2016;111,4;504,975;40,79;0,0;366,82000000000005;2072,465;2741,59;1705,645;43,845;301,245;0,0;209,25;270,62;1461,385;47,644999999999996;196,615;96,19999999999999;669,125;33,0;240,66000000000003
PR;2017;111,4;513,015;40,56;0,0;371,995;2131,8599999999997;2852,495;1759,865;45,28;314,755;0,0;230,25;275,685;1509,27;50,644999999999996;199,95;96,31;720,635;38,5;245,995
PR;2018;120,4;546,545;52,255;0,0;391,385;2300,8199999999997;3229,7000000000003;1909,435;49,65;324,065;0,0;221,25;284,56;1655,09;51,425;202,92000000000002;106,825;928,8800000000001;43,75;277,695
PR;2019;137,0;749,855;52,845;19,305;472,135;3065,81;3851,59;2593,675;63,96;602,685;84,275;376,675;323,645;2132,025;74,625;387,025;148,49;785,78;105,065;261,98
PR;2020;255,34;737,54;54,305;20,21;729,15;3548,67;4481,605;2819,52;69,96;657,175;91,725;383,13;355,47499999999997;2332,08;60,754999999999995;426,685;373,67499999999995;932,9350000000001;114,41499999999999;294,82500000000005
PR;2021;254,14;1034,425;61,025;24,645;959,645;4648,855;4930,889999999999;3689,2099999999996;92,51;1022,79;120,25;448,255;416,455;3083,6799999999994;48,96;556,5699999999999;543,19;282,03499999999997;115,385;320,0
PR;2022;256,58;1564,76;64,14;44,805;1204,6799999999998;7295,59;8300,085;6090,91;152,135;2250,3450000000003;199,89;485,6;576,8699999999999;5071,094999999999;212,99;806,825;627,81;1004,4949999999999;172,10500000000002;508,06500000000005
PR;2023;266,74;1344,085;60,17;31,81;1280,095;6062,54;9026,380000000001;4782,445;116,66999999999999;1343,51;152,01999999999998;454,725;687,095;3889,08;226,355;667,01;593,0;2963,84;172,10500000000002;474,125
PR;2024;301,03999999999996;1112,42;0,0;15,745;1284,8901555555556;5500,050599305401;7615,620599305401;4215,160443749846;100,85499999999999;1005,975;275,96;561,75;508,405;3361,795;179,960443749846;673,405;776,4851555555556;2004,97;184,325;380,61
RS;1999;;78,54;13,64;4,54;99,14;386,53;493,45;287,39;;40,05;8,84;22,75;72,45;226,78;8,62;51,99;26,69;106,92;24,97;
RS;2000;;78,54;13,64;4,54;99,14;386,53;493,45;287,39;;40,05;8,84;22,75;72,45;226,78;8,62;51,99;26,69;106,92;24,97;
RS;2001;;79,99;17,78;5,32;121,14;456,99;565,12;335,85;;39,6;10,37;36,4;85,92;265,86;8,44;61,55;35,22;108,13;28,08;
RS;2002;;88,0;17,78;6,07;144,36;524,23;657,06;379,87;;43,0;11,84;47,45;104,96;303,6;9,69;66,58;39,4;132,83;30,89;
RS;2003;;109,6;20,45;10,84;190,52;854,06;1032,53;663,54;;69,5;21,13;188,5;140,44;541,8;22,46;99,28;50,08;178,47;46,86;
RS;2004;;133,11;20,45;9,62;209,55;798,11;1020,28;588,56;;79,78;18,76;92,95;157,84;481,08;16,06;91,42;51,71;222,17;42,59;
RS;2005;;140,26;24,36;10,26;217,35;851,09;1046,94;633,74;;63,77;20,0;133,9;165,38;512,92;18,32;102,5;51,97;195,85;47,88;
RS;2006;;232,47;24,36;12,63;221,16;983,03;1183,14;761,87;;118,1;24,63;58,5;167,43;631,6;20,77;109,5;53,73;200,11;47,88;
RS;2007;;181,02;20,45;10,19;211,43;834,11;1029,19;622,68;;65,83;19,87;48,75;160,82;509,61;15,71;97,36;50,61;195,08;46,85;
RS;2008;;185,25;;16,78;165,5930289186667;1206,397143484843;1542,207143484843;1040,804114566176;;364,94;24,32;70,0;117,64;838,78;31,25411456617651;170,77;47,95302891866667;335,81;87,19;
RS;2009;;185,91;;15,44;214,7303668158889;1137,910936976095;1484,880936976095;923,1805701602063;;279,7;22,39;69,0;155,89;772,17;28,08057016020646;122,93;58,84036681588889;346,97;25,0;
RS;2010;;139,42;;12,48;207,3447287134778;969,3272762990628;1313,357276299063;761,9825475855849;;197,15;18,1;55,0;148,93;624,03;22,27254758558486;115,68;58,41472871347778;344,03;25,0;
RS;2011;;;;;216,74;1061,43;1492,0;844,69;;;;;166,92;571,78;25,51;247,4;49,82;430,57;;
RS;2012;;;;;222,12;1175,5;1610,08;953,38;;;;;171,02;642,31;26,91;284,16;51,1;434,58;;
RS;2013;;;;;201,37;1684,62;2267,75;1483,25;;;;;163,21;1204,25;39,68;239,32;38,16;583,13;;
RS;2014;37,8;338,82;77,16;22,14;223,79;1612,06;2229,4;1388,27;33,21;402,65;0,0;175,0;184,81;1107,11;38,15;243,01;38,98;617,34;48,6;151,09
RS;2015;60,76;415,28;62,21;27,88;257,17;1977,04;2716,91;1719,87;41,82;488,35;0,0;259,0;205,2;1394,1;64,69;261,08;51,97;739,87;56,7;168,96
RS;2016;67,84;430,18;61,44;28,12;286,89;2014,38;2805,92;1727,49;42,19;494,61;0,0;237,5;230,69;1406,22;66,26;255,01;56,2;791,54;56,7;174,19
RS;2017;68,12;449,22;61,28;27,95;268,09;1987,62;2840,74;1719,53;41,92;447,76;0,0;250,0;210,84;1397,4;68,97;253,16;57,25;853,12;56,7;180,3
RS;2018;78,88;397,79;78,37;28,42;253,06;2031,21;2807,01;1778,15;42,63;408,41;0,0;325,0;189,72;1421,1;46,98;310,07;63,34;775,8;56,7;208,27
RS;2019;82,52;415,93;78,54;30,53;319,96;2204,26;2808,5;1884,3;45,8;481,01;0,0;325,0;252,68;1526,69;60,58;297,03;67,28;604,24;94,5;219,48
RS;2020;85,92;408,64;80,51;30,96;345,99;2262,28;2872,0;1916,29;46,44;494,75;0,0;325,0;275,72;1547,85;58,55;309,89;70,27;609,72;94,5;230,79
RS;2021;90,44;520,88;90,76;44,9;382,6999999999999;3092,98;3264,05;2710,28;67,35;781,57;0,0;585,0;305,17;2245,06;58,97;406,25;77,53;171,07;94,5;264,42
RS;2022;249,08;1660,41;136,23;51,69;1657,87;7927,67;8282,32;6269,8;155,06;2105,44;206,75;825,0;417,42;5168,75;226,54;874,51;1240,45;354,65;134,4;328,82
RS;2023;249,08;1547,82;128,12;42,09;1521,74;6816,43;7502,570000000001;5294,690000000001;126,28;1178,4;168,38;917,62;492,74;4209,440000000001;278,55;806,7;1029,0;686,14;192,0;316,52
RS;2024;266,0;1241,33;151,67;35,54;1238,72;5754,01;6457,860000000001;4515,29;106,63;829,11;142,18;900,0;438,1700000000001;3554,41;225,97;734,91;800,55;703,8499999999999;192,0;317,97
TO;2015;20,0;433,75;71,38;0,0;280,69;2342,46;2506,25;2061,77;51,07;662,4;0,0;233,75;257,49;1702,28;61,47;298,02;23,2;163,79;83,08;196,31
TO;2016;25,0;527,3;69,38;0,0;254,53;2421,61;3060,43;2167,08;54,58;697,5;0,0;233,1;230,78;1819,17;64,89;283,02;23,75;638,82;83,7;190,68
TO;2017;27,0;487,09;70,15;0,0;277,66;2425,78;2744,88;2148,12;53,61;658,5;0,0;284,05;253,12;1787,06;65,45;295,61;24,54;319,1;89,9;199,39
TO;2018;29,0;452,8;89,59;0,0;284,87;2566,7;2863,69;2281,83;57,83;640,5;0,0;495,0;258,36;1927,58;68,45;285,8;26,51;296,99;80,6;208,37
TO;2019;35,0;477,69;89,43;0,0;292,32;2692,14;2917,08;2399,82;60,9;826,5;0,0;369,9;263,07;2029,94;69,68;300,2;29,25;224,94;93,0;233,5
TO;2020;39,0;489,92;91,6;0,0;290,83;2743,02;2996,05;2452,19;62,72;816,0;0,0;423,55;260,06;2090,74;45,15;316,3;30,77;253,03;93,0;234,92
TO;2021;45,2;523,59;103,5;0,0;327,52;2931,86;3029,87;2604,34;64,89;834,3;0,0;415,4;292,34;2162,94;26,02;415,38;35,18;98,00999999999999;111,6;237,44
TO;2022;46,52;1088,35;106,53;0,0;421,77;6111,889999999999;6393,079999999999;5690,12;147,92;2310,0;0,0;1064,5;382,68;4930,719999999999;213,18;546,22;39,09;281,19;139,5;293,23
TO;2023;32,2;1359,26;0,0;0,0;1138,95;6866,179999999999;7338,65;5727,23;148,92;2184,66;0,0;990,0;919,8700000000001;4964,16;347,5;415,5699999999999;219,08;472,47;161,28;398,04
TO;2024;25,56;1033,54;0,0;0,0;1096,36;5086,639999999999;5500,329999999999;3990,279999999999;103,53;1105,68;0,0;903,0;904,45;3451,13;216,68;322,47;191,91;413,69;129,6;383,35
